,Non-violent,Violent,accuracy,macro avg,weighted avg
precision,0.7724550898203593,0.660377358490566,0.7177914110429447,0.7164162241554626,0.7232921585928733
recall,0.7049180327868853,0.7342657342657343,0.7177914110429447,0.7195918835263098,0.7177914110429447
f1-score,0.7371428571428571,0.695364238410596,0.7177914110429447,0.7162535477767266,0.7188166532204235
support,183.0,143.0,0.7177914110429447,326.0,326.0
