,Non-violent,Violent,accuracy,macro avg,weighted avg
precision,0.5631067961165048,0.43946188340807174,0.4785276073619632,0.5012843397622883,0.5088699172290634
recall,0.31693989071038253,0.6853146853146853,0.4785276073619632,0.5011272880125339,0.4785276073619632
f1-score,0.40559440559440557,0.5355191256830601,0.4785276073619632,0.47055676563873283,0.46258592391550246
support,183.0,143.0,0.4785276073619632,326.0,326.0
