,Non-violent,Violent,accuracy,macro avg,weighted avg
precision,0.5544041450777202,0.42857142857142855,0.5030674846625767,0.4914877868245744,0.49920758538324256
recall,0.5846994535519126,0.3986013986013986,0.5030674846625767,0.49165042607665554,0.5030674846625767
f1-score,0.5691489361702128,0.41304347826086957,0.5030674846625767,0.49109620721554115,0.5006732291731696
support,183.0,143.0,0.5030674846625767,326.0,326.0
