,Non-violent,Violent,accuracy,macro avg,weighted avg
precision,0.5064102564102564,0.38823529411764707,0.4447852760736196,0.4473227752639517,0.4545727729506149
recall,0.43169398907103823,0.46153846153846156,0.4447852760736196,0.44661622530474987,0.4447852760736196
f1-score,0.46607669616519176,0.4217252396166134,0.4447852760736196,0.4439009678909026,0.44662191614541663
support,183.0,143.0,0.4447852760736196,326.0,326.0
