,Non-violent,Violent,accuracy,macro avg,weighted avg
precision,0.7371428571428571,0.6423841059602649,0.6932515337423313,0.689763481551561,0.6955769018695114
recall,0.7049180327868853,0.6783216783216783,0.6932515337423313,0.6916198555542818,0.6932515337423313
f1-score,0.7206703910614525,0.6598639455782312,0.6932515337423313,0.6902671683198418,0.6939976250979537
support,183.0,143.0,0.6932515337423313,326.0,326.0
