,Non-violent,Violent,accuracy,macro avg,weighted avg
precision,0.7061611374407583,0.7043478260869566,0.7055214723926381,0.7052544817638574,0.7053657278591826
recall,0.8142076502732241,0.5664335664335665,0.7055214723926381,0.6903206083533953,0.7055214723926381
f1-score,0.7563451776649747,0.627906976744186,0.7055214723926381,0.6921260772045803,0.7000057214328497
support,183.0,143.0,0.7055214723926381,326.0,326.0
