,Non-violent,Violent,accuracy,macro avg,weighted avg
precision,0.677570093457944,0.6607142857142857,0.6717791411042945,0.6691421895861148,0.6701762882206951
recall,0.7923497267759563,0.5174825174825175,0.6717791411042945,0.6549161221292369,0.6717791411042945
f1-score,0.7304785894206549,0.5803921568627451,0.6717791411042945,0.6554353731417,0.6646431297403448
support,183.0,143.0,0.6717791411042945,326.0,326.0
