,Non-violent,Violent,accuracy,macro avg,weighted avg
precision,0.5925925925925926,0.4541284403669725,0.5,0.5233605164797825,0.531855249745158
recall,0.34972677595628415,0.6923076923076923,0.5,0.5210172341319882,0.5
f1-score,0.43986254295532645,0.5484764542936288,0.5,0.4941694986244776,0.4875060684810235
support,183.0,143.0,0.5,326.0,326.0
